<Manifest>
  <InitialScriptFile val="scripts\startup.nut" />
  <InitialScriptCode val="startGame();" />
  <SoundFolder val="sounds\" />
  <MusicFolder val="sounds\music\" />
  <DefaultLngFile val="text\common_strings.lng" />
  <DefaultWindowTitle val="GAME.TITLE" />
  <Modifiers_DefaultPixelSize val="0.0527" />
	<Fonts>
		<Font>
		<InternalName val="main" />
		<Description val="text\locgfx\font_main.xml" />
		<EmbedIcons val="\gui\font_ico.xml" />
		<Kerning val="0.0" />
		<KerningSpace val="1.0" />
		<LineSpace val="-0.7" />
		<BaseLine val="0.0" />
		<Filtering val="1" />
		</Font>
		<Font>
		<InternalName val="alt" />
		<Description val="text\locgfx\font_alt.xml" />
		<EmbedIcons val="" />
		<KerningSpace val="1.0" />
		<Filtering val="1" />
    <Transliterator val="toupper" />
		</Font>
		<Font>
		<InternalName val="txt" />
		<Description val="text\locgfx\font_text.xml" />
		<EmbedIcons val="\gui\font_ico_txt.xml" />
		<Scale val="0.7" />
		<KerningSpace val="0.5" />
		<LineSpace val="-0.9" />
		<Filtering val="1" />
		</Font>
		<Font>
		<InternalName val="num" />
		<Description val="gui\font_numbers.xml" />
		<EmbedIcons val="" />
		<Scale val="1.8" />
		<KerningSpace val="1.0" />
		<Filtering val="1" />
		</Font>
	</Fonts>
  <Cursors>
    <Cursor>
      <InternalName val="main" />
      <Texture val="gui\cursor_usual.png" />
    </Cursor>
    <Cursor>
      <InternalName val="click" />
      <Texture val="gui\cursor_grab.png" />
    </Cursor>
  </Cursors>
  <AtlasLists>
    <AtlasList>
      <InternalName val="main" />
      <Data>
        gfx\items\*.png
      </Data>
    </AtlasList>
  </AtlasLists>
  <Materials>
	<MaterialType>
		<InternalName val="colorizer" />
		<FX val="\gfx\shaders\colorizer.sh" />
	</MaterialType>
  </Materials>
  <ParticleGroups>
  </ParticleGroups>
  <AdditionalIniOptions>
  </AdditionalIniOptions>
  <CustomSettings>
  Option[XXX]=AAA
  OptionLong[YYY]=1
  Option[DebugLineFormat]=&lt;font-size:-1&gt;
  Option[ConsoleLineFormat]=&lt;font-size:-1&gt;&lt;left&gt;
  </CustomSettings>
  <Macros>
  CELLID_RANGE_BEGIN=3000
  CELLID_RANGE_END=5000
  DEF_LOCK=200
  CELLDEL_LOCK=500
  TOOLTIP_FRAME1=&lt;frame src="\gui\tooltip_frame.spr?id=dialog_frame_tooltip_small" z="0.001" relative="1"&gt;
  
  MAPSIZE=8
  CELLDIM=2.7
  AUTOHINTTIME=30000
  TEXTFLASHTIME=3000
  TEXTFLASHTIME_LONG=9000
  </Macros>
</Manifest>