﻿<?xml version="1.0" encoding="utf-8"?>
<Font family="Arial" style="Regular" size="87" height="84">
  <Char code="0" width="65" rect="0 1 55 84" offset="5 0" />
  <Char code="1" width="65" rect="56 1 31 84" offset="13 0" />
  <Char code="2" width="65" rect="88 1 56 84" offset="2 0" />
  <Char code="3" width="65" rect="145 1 55 84" offset="5 0" />
  <Char code="4" width="65" rect="0 86 59 84" offset="1 0" />
  <Char code="5" width="65" rect="60 86 55 84" offset="5 0" />
  <Char code="6" width="65" rect="116 86 57 84" offset="3 0" />
  <Char code="7" width="65" rect="174 86 54 84" offset="6 0" />
  <Char code="8" width="65" rect="0 171 54 84" offset="5 0" />
  <Char code="9" width="65" rect="55 171 55 84" offset="5 0" />
</Font>