﻿<font-icons>
	<Icons>
		<Icon key="spacer" />
			<spr val="" />
			<width val="1" />
		</Icon>
		<Icon key="heart" />
			<spr val="\gfx\extras\text_icon_txt.spr?icox=6&icoy=0" />
			<width val="1.0" />
		</Icon>
		<Icon key="question" />
			<spr val="\gfx\extras\text_icon_txt.spr?icox=5&icoy=1" />
			<width val="1.2" />
		</Icon>
		<Icon key="star1" />
			<spr val="\gfx\extras\text_icon_txt.spr?icox=3&icoy=1" />
			<width val="1.2" />
		</Icon>
		<Icon key="time15" />
			<spr val="\gfx\extras\text_icon_txt.spr?icox=1&icoy=1" />
			<width val="1.2" />
		</Icon>
		<Icon key="frozen_iron" />
			<spr val="\gfx\extras\text_icon_txt.spr?icox=4&icoy=0" />
			<width val="1.2" />
		</Icon>
		<Icon key="frozen" />
			<spr val="\gfx\extras\text_icon_txt.spr?icox=0&icoy=0" />
			<width val="1.2" />
		</Icon>
		<Icon key="anytype" />
			<spr val="\gfx\extras\text_icon_txt.spr?icox=1&icoy=0" />
			<width val="1.2" />
		</Icon>
		<Icon key="bomb" />
			<spr val="\gfx\extras\text_icon_txt.spr?icox=2&icoy=0" />
			<width val="1.2" />
		</Icon>
		<Icon key="feeling" />
			<spr val="\gfx\items\text_icon_txt.spr" />
			<width val="2.5" />
			<!--height val="2.2" /-->
		</Icon>
		<Icon key="answer" />
			<spr val="\gfx\extras\text_icon_emo.spr?icox=7" />
			<width val="0.6" />
		</Icon>
	</Icons>
</font-icons>
