<Manifest>
	<InitialScriptFile val="scripts\startup.nut" />
	<InitialScriptCode val="startGame();" />
	
	<SoundFolder val="sounds\" />
	<MusicFolder val="sounds\music\" />
	<DefaultLanguage val="data_en" />
	<DefaultLngFile val="strings.lng" />
	<DefaultWindowTitle val="GAME.TITLE" />
	<Fonts>
		<Font>
			<InternalName val="main" />
			<Description val="gui\font-main.xml" />
			<Scale val="6" />
		</Font>
	</Fonts>
	<Cursors>
		<Cursor>
			<InternalName val="main" />
			<Texture val="gui\cursor_usual.png" />
		</Cursor>
		<Cursor>
			<InternalName val="click" />
			<Texture val="gui\cursor_point.png" />
		</Cursor>
	</Cursors>
	<AtlasLists>
		<AtlasList>
			<InternalName val="main" />
			<Data>
				gui\font-*.png
				gui\dialog_frame_small.png
				gui\black.png 
				gui\empty.png
			</Data>
		</AtlasList>
		<AtlasList>
			<InternalName val="menu" />
			<Data>
				gui\menu_bg.jpg
				gui\menu_*.png 
				gui\dialog_frame_big.png 
			</Data>
		</AtlasList>
	</AtlasLists>
	<ParticleGroups>
	</ParticleGroups>
</Manifest>