﻿<bonuses>
<bonus_hint1        name="BONUS_HINT1" cost="7" chld="bonus_hint2" effect="bonus_hint"/>
<bonus_hint2        name="BONUS_HINT2" cost="15" prnt="bonus_hint1" effect="bonus_hint"/>
<bonus_smth1        name="BONUS_SMTH1" cost="10"chld="bonus_smth2"  effect="bonus_wand"/>
<bonus_smth2        name="BONUS_SMTH2" cost="30" prnt="bonus_smth1" effect="bonus_wand"/>
<bonus_pause1       name="BONUS_PAUSE1" cost="11" chld="bonus_pause2" effect="bonus_pause"/>
<bonus_pause2       name="BONUS_PAUSE2" cost="22" prnt="bonus_pause1" effect="bonus_pause"/>
<bonus_rotate1      name="BONUS_ROTATE1" cost="16" chld="bonus_rotate2" effect="bonus_rotate"/>
<bonus_rotate2      name="BONUS_ROTATE2" cost="30" prnt="bonus_rotate1" effect="bonus_rotate"/>
<bonus_exchange1    name="BONUS_EXCHANGE1" cost="9" chld="bonus_exchange2" effect="bonus_exchange"/>
<bonus_exchange2    name="BONUS_EXCHANGE2" cost="25" prnt="bonus_exchange1" effect="bonus_exchange"/>
<bonus_nofrozen     name="BONUS_NOFROZEN" cost="10" effect="bonus_nofrozen"/>
<bonus_nobombs      name="BONUS_NOBOMBS" cost="10" effect="bonus_nobombs"/>
</bonuses>