﻿<?xml version="1.0" encoding="utf-8"?>
<Font family="Tolstyak" style=" Heavy" size="40" height="54">
  <Char code=" " width="18" rect="0 0 0 0" offset="0 0" />
  <Char code="!" width="25" rect="0 0 34 62" offset="-3 -3" />
  <Char code="&quot;" width="21" rect="34 0 25 62" offset="-2 -3" />
  <Char code="#" width="38" rect="59 0 43 62" offset="-2 -3" />
  <Char code="$" width="34" rect="102 0 40 62" offset="-3 -3" />
  <Char code="%" width="35" rect="142 0 40 62" offset="-3 -3" />
  <Char code="&amp;" width="34" rect="182 0 39 62" offset="-2 -3" />
  <Char code="'" width="11" rect="221 0 15 62" offset="-2 -3" />
  <Char code="(" width="16" rect="236 0 22 62" offset="-3 -3" />
  <Char code=")" width="18" rect="258 0 22 62" offset="-2 -3" />
  <Char code="*" width="24" rect="280 0 24 62" offset="0 -3" />
  <Char code="+" width="35" rect="304 0 31 62" offset="2 -3" />
  <Char code="," width="17" rect="335 0 18 62" offset="-1 -3" />
  <Char code="-" width="16" rect="353 0 20 62" offset="-2 -3" />
  <Char code="." width="17" rect="373 0 18 62" offset="-1 -3" />
  <Char code="/" width="23" rect="391 0 29 62" offset="-3 -3" />
  <Char code="0" width="35" rect="420 0 40 62" offset="-3 -3" />
  <Char code="1" width="23" rect="460 0 28 62" offset="-3 -3" />
  <Char code="2" width="34" rect="0 62 40 62" offset="-3 -3" />
  <Char code="3" width="35" rect="40 62 40 62" offset="-3 -3" />
  <Char code="4" width="38" rect="80 62 43 62" offset="-3 -3" />
  <Char code="5" width="34" rect="123 62 39 62" offset="-3 -3" />
  <Char code="6" width="35" rect="162 62 40 62" offset="-3 -3" />
  <Char code="7" width="32" rect="202 62 39 62" offset="-3 -3" />
  <Char code="8" width="35" rect="241 62 41 62" offset="-2 -3" />
  <Char code="9" width="35" rect="282 62 40 62" offset="-3 -3" />
  <Char code=":" width="17" rect="322 62 18 62" offset="-1 -3" />
  <Char code=";" width="17" rect="340 62 18 62" offset="-1 -3" />
  <Char code="&lt;" width="21" rect="358 62 25 62" offset="-2 -3" />
  <Char code="=" width="35" rect="383 62 31 62" offset="2 -3" />
  <Char code="&gt;" width="21" rect="414 62 25 62" offset="-2 -3" />
  <Char code="?" width="36" rect="439 62 40 62" offset="-2 -3" />
  <Char code="@" width="40" rect="0 124 45 62" offset="-2 -3" />
  <Char code="A" width="36" rect="45 124 47 62" offset="-5 -3" />
  <Char code="B" width="33" rect="92 124 41 62" offset="-5 -3" />
  <Char code="C" width="33" rect="133 124 38 62" offset="-2 -3" />
  <Char code="D" width="33" rect="171 124 41 62" offset="-4 -3" />
  <Char code="E" width="35" rect="212 124 43 62" offset="-4 -3" />
  <Char code="F" width="32" rect="255 124 41 62" offset="-4 -3" />
  <Char code="G" width="37" rect="296 124 42 62" offset="-2 -3" />
  <Char code="H" width="37" rect="338 124 44 62" offset="-3 -3" />
  <Char code="I" width="23" rect="382 124 33 62" offset="-3 -3" />
  <Char code="J" width="35" rect="415 124 41 62" offset="-3 -3" />
  <Char code="K" width="35" rect="456 124 46 62" offset="-4 -3" />
  <Char code="L" width="31" rect="0 186 38 62" offset="-4 -3" />
  <Char code="M" width="47" rect="38 186 54 62" offset="-3 -3" />
  <Char code="N" width="40" rect="92 186 47 62" offset="-3 -3" />
  <Char code="O" width="36" rect="139 186 40 62" offset="-2 -3" />
  <Char code="P" width="35" rect="179 186 41 62" offset="-3 -3" />
  <Char code="Q" width="36" rect="220 186 44 62" offset="-2 -3" />
  <Char code="R" width="35" rect="264 186 42 62" offset="-3 -3" />
  <Char code="S" width="35" rect="306 186 41 62" offset="-3 -3" />
  <Char code="T" width="32" rect="347 186 41 62" offset="-3 -3" />
  <Char code="U" width="36" rect="388 186 41 62" offset="-2 -3" />
  <Char code="V" width="33" rect="429 186 46 62" offset="-5 -3" />
  <Char code="W" width="45" rect="0 248 54 62" offset="-3 -3" />
  <Char code="X" width="37" rect="54 248 47 62" offset="-5 -3" />
  <Char code="Y" width="38" rect="101 248 50 62" offset="-5 -3" />
  <Char code="Z" width="33" rect="151 248 41 62" offset="-4 -3" />
  <Char code="[" width="18" rect="192 248 24 62" offset="-1 -3" />
  <Char code="\" width="23" rect="216 248 28 62" offset="-2 -3" />
  <Char code="]" width="18" rect="244 248 24 62" offset="-4 -3" />
  <Char code="^" width="21" rect="268 248 27 62" offset="-3 -3" />
  <Char code="_" width="21" rect="295 248 28 62" offset="-3 -3" />
  <Char code="{" width="18" rect="323 248 24 62" offset="-3 -3" />
  <Char code="|" width="21" rect="347 248 14 62" offset="4 -3" />
  <Char code="}" width="18" rect="361 248 24 62" offset="-3 -3" />
  <Char code="~" width="21" rect="385 248 27 62" offset="-3 -3" />
  <Char code="Ё" width="34" rect="412 248 43 62" offset="-4 -3" />
  <Char code="Ђ" width="0" rect="0 0 0 0" offset="0 0" />
  <Char code="А" width="37" rect="455 248 46 62" offset="-3 -3" />
  <Char code="Б" width="35" rect="0 310 41 62" offset="-3 -3" />
  <Char code="В" width="35" rect="41 310 41 62" offset="-3 -3" />
  <Char code="Г" width="34" rect="82 310 41 62" offset="-3 -3" />
  <Char code="Д" width="40" rect="123 310 47 62" offset="-3 -3" />
  <Char code="Е" width="36" rect="170 310 43 62" offset="-3 -3" />
  <Char code="Ж" width="53" rect="213 310 60 62" offset="-3 -3" />
  <Char code="З" width="34" rect="273 310 40 62" offset="-3 -3" />
  <Char code="И" width="40" rect="313 310 47 62" offset="-3 -3" />
  <Char code="Й" width="40" rect="360 310 47 62" offset="-3 -3" />
  <Char code="К" width="37" rect="407 310 44 62" offset="-3 -3" />
  <Char code="Л" width="37" rect="451 310 45 62" offset="-2 -3" />
  <Char code="М" width="47" rect="0 372 53 62" offset="-2 -3" />
  <Char code="Н" width="37" rect="53 372 44 62" offset="-3 -3" />
  <Char code="О" width="35" rect="97 372 40 62" offset="-3 -3" />
  <Char code="П" width="38" rect="137 372 44 62" offset="-3 -3" />
  <Char code="Р" width="35" rect="181 372 40 62" offset="-3 -3" />
  <Char code="С" width="33" rect="221 372 38 62" offset="-3 -3" />
  <Char code="Т" width="32" rect="259 372 41 62" offset="-3 -3" />
  <Char code="У" width="41" rect="300 372 50 62" offset="-3 -3" />
  <Char code="Ф" width="45" rect="350 372 51 62" offset="-3 -3" />
  <Char code="Х" width="39" rect="401 372 46 62" offset="-2 -3" />
  <Char code="Ц" width="38" rect="447 372 44 62" offset="-3 -3" />
  <Char code="Ч" width="37" rect="0 434 44 62" offset="-3 -3" />
  <Char code="Ш" width="45" rect="44 434 52 62" offset="-3 -3" />
  <Char code="Щ" width="45" rect="96 434 52 62" offset="-3 -3" />
  <Char code="Ъ" width="35" rect="148 434 40 62" offset="-2 -3" />
  <Char code="Ы" width="52" rect="188 434 58 62" offset="-3 -3" />
  <Char code="Ь" width="35" rect="246 434 41 62" offset="-3 -3" />
  <Char code="Э" width="35" rect="287 434 42 62" offset="-3 -3" />
  <Char code="Ю" width="56" rect="329 434 62 62" offset="-3 -3" />
  <Char code="Я" width="35" rect="391 434 39 62" offset="-1 -3" />
</Font>