﻿<?xml version="1.0" encoding="utf-8"?>
<Font family="Times New Roman" style="Regular" size="26" height="40">
  <Char code=" " width="9" rect="0 0 0 0" offset="0 0" />
  <Char code="!" width="11" rect="0 0 9 46" offset="1 -3" />
  <Char code="&quot;" width="13" rect="9 0 15 46" offset="-1 -3" />
  <Char code="#" width="18" rect="24 0 21 46" offset="-2 -3" />
  <Char code="$" width="18" rect="45 0 21 46" offset="-2 -3" />
  <Char code="%" width="29" rect="66 0 33 46" offset="-2 -3" />
  <Char code="&amp;" width="27" rect="99 0 31 46" offset="-2 -3" />
  <Char code="'" width="5" rect="130 0 9 46" offset="-2 -3" />
  <Char code="(" width="12" rect="139 0 15 46" offset="-2 -3" />
  <Char code=")" width="12" rect="154 0 15 46" offset="-1 -3" />
  <Char code="*" width="17" rect="169 0 19 46" offset="-1 -3" />
  <Char code="+" width="20" rect="188 0 23 46" offset="-2 -3" />
  <Char code="," width="9" rect="211 0 11 46" offset="-2 -3" />
  <Char code="-" width="11" rect="222 0 15 46" offset="-2 -3" />
  <Char code="." width="9" rect="237 0 9 46" offset="0 -3" />
  <Char code="/" width="9" rect="246 0 15 46" offset="-3 -3" />
  <Char code="0" width="18" rect="261 0 21 46" offset="-2 -3" />
  <Char code="1" width="18" rect="282 0 15 46" offset="1 -3" />
  <Char code="2" width="18" rect="297 0 22 46" offset="-3 -3" />
  <Char code="3" width="18" rect="319 0 20 46" offset="-2 -3" />
  <Char code="4" width="18" rect="339 0 22 46" offset="-3 -3" />
  <Char code="5" width="18" rect="361 0 19 46" offset="-1 -3" />
  <Char code="6" width="18" rect="380 0 21 46" offset="-2 -3" />
  <Char code="7" width="18" rect="401 0 21 46" offset="-2 -3" />
  <Char code="8" width="18" rect="422 0 20 46" offset="-1 -3" />
  <Char code="9" width="18" rect="442 0 21 46" offset="-2 -3" />
  <Char code=":" width="9" rect="463 0 9 46" offset="0 -3" />
  <Char code=";" width="9" rect="472 0 11 46" offset="-1 -3" />
  <Char code="&lt;" width="20" rect="483 0 25 46" offset="-2 -3" />
  <Char code="=" width="20" rect="0 46 24 46" offset="-2 -3" />
  <Char code="&gt;" width="20" rect="24 46 25 46" offset="-3 -3" />
  <Char code="?" width="15" rect="49 46 18 46" offset="-1 -3" />
  <Char code="@" width="32" rect="67 46 36 46" offset="-2 -3" />
  <Char code="A" width="24" rect="103 46 32 46" offset="-4 -3" />
  <Char code="B" width="23" rect="135 46 26 46" offset="-2 -3" />
  <Char code="C" width="23" rect="161 46 27 46" offset="-2 -3" />
  <Char code="D" width="25" rect="188 46 29 46" offset="-2 -3" />
  <Char code="E" width="21" rect="217 46 25 46" offset="-2 -3" />
  <Char code="F" width="19" rect="242 46 23 46" offset="-2 -3" />
  <Char code="G" width="25" rect="265 46 30 46" offset="-2 -3" />
  <Char code="H" width="25" rect="295 46 29 46" offset="-2 -3" />
  <Char code="I" width="11" rect="324 46 15 46" offset="-2 -3" />
  <Char code="J" width="13" rect="339 46 18 46" offset="-2 -3" />
  <Char code="K" width="25" rect="357 46 30 46" offset="-2 -3" />
  <Char code="L" width="21" rect="387 46 25 46" offset="-2 -3" />
  <Char code="M" width="31" rect="412 46 35 46" offset="-2 -3" />
  <Char code="N" width="25" rect="447 46 31 46" offset="-4 -3" />
  <Char code="O" width="25" rect="478 46 29 46" offset="-2 -3" />
  <Char code="P" width="20" rect="0 92 24 46" offset="-2 -3" />
  <Char code="Q" width="25" rect="24 92 29 46" offset="-2 -3" />
  <Char code="R" width="23" rect="53 92 29 46" offset="-2 -3" />
  <Char code="S" width="19" rect="82 92 21 46" offset="-1 -3" />
  <Char code="T" width="21" rect="103 92 25 46" offset="-2 -3" />
  <Char code="U" width="24" rect="128 92 30 46" offset="-3 -3" />
  <Char code="V" width="25" rect="158 92 31 46" offset="-3 -3" />
  <Char code="W" width="33" rect="189 92 39 46" offset="-3 -3" />
  <Char code="X" width="25" rect="228 92 31 46" offset="-3 -3" />
  <Char code="Y" width="25" rect="259 92 30 46" offset="-2 -3" />
  <Char code="Z" width="21" rect="289 92 26 46" offset="-3 -3" />
  <Char code="[" width="12" rect="315 92 14 46" offset="0 -3" />
  <Char code="\" width="9" rect="329 92 15 46" offset="-3 -3" />
  <Char code="]" width="12" rect="344 92 14 46" offset="-2 -3" />
  <Char code="^" width="16" rect="358 92 22 46" offset="-2 -3" />
  <Char code="_" width="18" rect="380 92 24 46" offset="-3 -3" />
  <Char code="`" width="12" rect="404 92 11 46" offset="-1 -3" />
  <Char code="a" width="16" rect="415 92 21 46" offset="-2 -3" />
  <Char code="b" width="18" rect="436 92 22 46" offset="-2 -3" />
  <Char code="c" width="15" rect="458 92 19 46" offset="-2 -3" />
  <Char code="d" width="18" rect="477 92 22 46" offset="-2 -3" />
  <Char code="e" width="15" rect="0 138 19 46" offset="-2 -3" />
  <Char code="f" width="11" rect="19 138 20 46" offset="-2 -3" />
  <Char code="g" width="17" rect="39 138 21 46" offset="-2 -3" />
  <Char code="h" width="18" rect="60 138 22 46" offset="-2 -3" />
  <Char code="i" width="9" rect="82 138 13 46" offset="-2 -3" />
  <Char code="j" width="9" rect="95 138 15 46" offset="-6 -3" />
  <Char code="k" width="18" rect="110 138 23 46" offset="-2 -3" />
  <Char code="l" width="9" rect="133 138 13 46" offset="-2 -3" />
  <Char code="m" width="27" rect="146 138 31 46" offset="-2 -3" />
  <Char code="n" width="18" rect="177 138 22 46" offset="-2 -3" />
  <Char code="o" width="17" rect="199 138 21 46" offset="-2 -3" />
  <Char code="p" width="18" rect="220 138 22 46" offset="-2 -3" />
  <Char code="q" width="17" rect="242 138 22 46" offset="-2 -3" />
  <Char code="r" width="12" rect="264 138 17 46" offset="-2 -3" />
  <Char code="s" width="14" rect="281 138 17 46" offset="-1 -3" />
  <Char code="t" width="10" rect="298 138 16 46" offset="-3 -3" />
  <Char code="u" width="18" rect="314 138 22 46" offset="-2 -3" />
  <Char code="v" width="16" rect="336 138 24 46" offset="-4 -3" />
  <Char code="w" width="25" rect="360 138 32 46" offset="-3 -3" />
  <Char code="x" width="17" rect="392 138 24 46" offset="-3 -3" />
  <Char code="y" width="17" rect="416 138 24 46" offset="-3 -3" />
  <Char code="z" width="15" rect="440 138 20 46" offset="-3 -3" />
  <Char code="{" width="17" rect="460 138 16 46" offset="1 -3" />
  <Char code="|" width="5" rect="476 138 7 46" offset="-1 -3" />
  <Char code="}" width="17" rect="483 138 16 46" offset="0 -3" />
  <Char code="~" width="19" rect="0 184 25 46" offset="-3 -3" />
  <Char code="Ё" width="21" rect="25 184 25 46" offset="-2 -3" />
  <Char code="Ђ" width="26" rect="50 184 30 46" offset="-2 -3" />
  <Char code="Ѓ" width="20" rect="80 184 24 46" offset="-2 -3" />
  <Char code="Є" width="23" rect="104 184 27 46" offset="-2 -3" />
  <Char code="Ѕ" width="19" rect="131 184 21 46" offset="-1 -3" />
  <Char code="І" width="11" rect="152 184 15 46" offset="-2 -3" />
  <Char code="Ї" width="11" rect="167 184 15 46" offset="-2 -3" />
  <Char code="Ј" width="13" rect="182 184 18 46" offset="-2 -3" />
  <Char code="Љ" width="31" rect="200 184 35 46" offset="-2 -3" />
  <Char code="Њ" width="31" rect="235 184 35 46" offset="-2 -3" />
  <Char code="Ћ" width="26" rect="270 184 30 46" offset="-2 -3" />
  <Char code="Ќ" width="23" rect="300 184 28 46" offset="-2 -3" />
  <Char code="Ў" width="25" rect="328 184 31 46" offset="-3 -3" />
  <Char code="Џ" width="25" rect="359 184 29 46" offset="-2 -3" />
  <Char code="А" width="24" rect="388 184 32 46" offset="-4 -3" />
  <Char code="Б" width="20" rect="420 184 24 46" offset="-2 -3" />
  <Char code="В" width="23" rect="444 184 26 46" offset="-2 -3" />
  <Char code="Г" width="20" rect="470 184 24 46" offset="-2 -3" />
  <Char code="Д" width="24" rect="0 230 28 46" offset="-2 -3" />
  <Char code="Е" width="21" rect="28 230 25 46" offset="-2 -3" />
  <Char code="Ж" width="31" rect="53 230 37 46" offset="-3 -3" />
  <Char code="З" width="18" rect="90 230 21 46" offset="-2 -3" />
  <Char code="И" width="25" rect="111 230 29 46" offset="-2 -3" />
  <Char code="Й" width="25" rect="140 230 29 46" offset="-2 -3" />
  <Char code="К" width="23" rect="169 230 28 46" offset="-2 -3" />
  <Char code="Л" width="24" rect="197 230 28 46" offset="-2 -3" />
  <Char code="М" width="31" rect="225 230 35 46" offset="-2 -3" />
  <Char code="Н" width="25" rect="260 230 29 46" offset="-2 -3" />
  <Char code="О" width="25" rect="289 230 29 46" offset="-2 -3" />
  <Char code="П" width="25" rect="318 230 29 46" offset="-2 -3" />
  <Char code="Р" width="20" rect="347 230 24 46" offset="-2 -3" />
  <Char code="С" width="23" rect="371 230 27 46" offset="-2 -3" />
  <Char code="Т" width="21" rect="398 230 25 46" offset="-2 -3" />
  <Char code="У" width="25" rect="423 230 31 46" offset="-3 -3" />
  <Char code="Ф" width="28" rect="454 230 32 46" offset="-2 -3" />
  <Char code="Х" width="25" rect="0 276 31 46" offset="-3 -3" />
  <Char code="Ц" width="25" rect="31 276 29 46" offset="-2 -3" />
  <Char code="Ч" width="23" rect="60 276 27 46" offset="-2 -3" />
  <Char code="Ш" width="35" rect="87 276 39 46" offset="-2 -3" />
  <Char code="Щ" width="35" rect="126 276 39 46" offset="-2 -3" />
  <Char code="Ъ" width="25" rect="165 276 29 46" offset="-2 -3" />
  <Char code="Ы" width="31" rect="194 276 34 46" offset="-2 -3" />
  <Char code="Ь" width="20" rect="228 276 24 46" offset="-2 -3" />
  <Char code="Э" width="23" rect="252 276 27 46" offset="-2 -3" />
  <Char code="Ю" width="36" rect="279 276 39 46" offset="-2 -3" />
  <Char code="Я" width="23" rect="318 276 29 46" offset="-4 -3" />
  <Char code="а" width="16" rect="347 276 21 46" offset="-2 -3" />
  <Char code="б" width="18" rect="368 276 21 46" offset="-1 -3" />
  <Char code="в" width="17" rect="389 276 20 46" offset="-2 -3" />
  <Char code="г" width="14" rect="409 276 19 46" offset="-2 -3" />
  <Char code="д" width="18" rect="428 276 23 46" offset="-3 -3" />
  <Char code="е" width="15" rect="451 276 19 46" offset="-2 -3" />
  <Char code="ж" width="24" rect="470 276 29 46" offset="-2 -3" />
  <Char code="з" width="14" rect="0 322 18 46" offset="-2 -3" />
  <Char code="и" width="19" rect="18 322 23 46" offset="-2 -3" />
  <Char code="й" width="19" rect="41 322 23 46" offset="-2 -3" />
  <Char code="к" width="17" rect="64 322 22 46" offset="-2 -3" />
  <Char code="л" width="17" rect="86 322 22 46" offset="-2 -3" />
  <Char code="м" width="22" rect="108 322 26 46" offset="-2 -3" />
  <Char code="н" width="19" rect="134 322 23 46" offset="-2 -3" />
  <Char code="о" width="17" rect="157 322 21 46" offset="-2 -3" />
  <Char code="п" width="19" rect="178 322 23 46" offset="-2 -3" />
  <Char code="р" width="18" rect="201 322 22 46" offset="-2 -3" />
  <Char code="с" width="15" rect="223 322 19 46" offset="-2 -3" />
  <Char code="т" width="15" rect="242 322 21 46" offset="-3 -3" />
  <Char code="у" width="17" rect="263 322 24 46" offset="-3 -3" />
  <Char code="ф" width="23" rect="287 322 27 46" offset="-2 -3" />
  <Char code="х" width="17" rect="314 322 24 46" offset="-3 -3" />
  <Char code="ц" width="19" rect="338 322 23 46" offset="-2 -3" />
  <Char code="ч" width="18" rect="361 322 22 46" offset="-2 -3" />
  <Char code="ш" width="27" rect="383 322 31 46" offset="-2 -3" />
  <Char code="щ" width="27" rect="414 322 31 46" offset="-2 -3" />
  <Char code="ъ" width="18" rect="445 322 23 46" offset="-3 -3" />
  <Char code="ы" width="24" rect="468 322 28 46" offset="-2 -3" />
  <Char code="ь" width="16" rect="0 368 20 46" offset="-2 -3" />
  <Char code="э" width="15" rect="20 368 19 46" offset="-2 -3" />
  <Char code="ю" width="26" rect="39 368 30 46" offset="-2 -3" />
  <Char code="я" width="16" rect="69 368 22 46" offset="-4 -3" />
  <Char code="ё" width="15" rect="91 368 19 46" offset="-2 -3" />
  <Char code="ђ" width="17" rect="110 368 21 46" offset="-3 -3" />
  <Char code="ѓ" width="14" rect="131 368 19 46" offset="-2 -3" />
  <Char code="є" width="15" rect="150 368 19 46" offset="-2 -3" />
  <Char code="ѕ" width="14" rect="169 368 17 46" offset="-1 -3" />
  <Char code="і" width="9" rect="186 368 13 46" offset="-2 -3" />
  <Char code="ї" width="9" rect="199 368 14 46" offset="-2 -3" />
  <Char code="ј" width="9" rect="213 368 15 46" offset="-6 -3" />
  <Char code="љ" width="25" rect="228 368 30 46" offset="-3 -3" />
  <Char code="њ" width="25" rect="258 368 29 46" offset="-2 -3" />
  <Char code="ћ" width="18" rect="287 368 22 46" offset="-2 -3" />
  <Char code="ќ" width="17" rect="309 368 22 46" offset="-2 -3" />
  <Char code="ў" width="18" rect="331 368 23 46" offset="-3 -3" />
  <Char code="џ" width="19" rect="354 368 23 46" offset="-2 -3" />
  <Char code="Ґ" width="16" rect="377 368 20 46" offset="-2 -3" />
  <Char code="ґ" width="12" rect="397 368 17 46" offset="-2 -3" />
  <Char code="Ғ" width="20" rect="414 368 24 46" offset="-2 -3" />
  <Char code="ғ" width="14" rect="438 368 19 46" offset="-2 -3" />
  <Char code="Җ" width="31" rect="457 368 37 46" offset="-3 -3" />
  <Char code="җ" width="24" rect="0 414 29 46" offset="-2 -3" />
  <Char code="Қ" width="23" rect="29 414 28 46" offset="-2 -3" />
  <Char code="қ" width="17" rect="57 414 22 46" offset="-2 -3" />
  <Char code="Ҝ" width="23" rect="79 414 28 46" offset="-2 -3" />
  <Char code="ҝ" width="17" rect="107 414 22 46" offset="-2 -3" />
  <Char code="Ң" width="25" rect="129 414 29 46" offset="-2 -3" />
  <Char code="ң" width="19" rect="158 414 23 46" offset="-2 -3" />
  <Char code="Ү" width="25" rect="181 414 30 46" offset="-2 -3" />
  <Char code="ү" width="18" rect="211 414 24 46" offset="-3 -3" />
  <Char code="Ұ" width="25" rect="235 414 30 46" offset="-2 -3" />
  <Char code="ұ" width="18" rect="265 414 24 46" offset="-3 -3" />
  <Char code="Ҳ" width="25" rect="289 414 31 46" offset="-3 -3" />
  <Char code="ҳ" width="17" rect="320 414 24 46" offset="-3 -3" />
  <Char code="Ҹ" width="23" rect="344 414 27 46" offset="-2 -3" />
  <Char code="ҹ" width="18" rect="371 414 22 46" offset="-2 -3" />
  <Char code="Һ" width="23" rect="393 414 27 46" offset="-2 -3" />
  <Char code="һ" width="18" rect="420 414 22 46" offset="-2 -3" />
  <Char code="Ә" width="25" rect="442 414 30 46" offset="-3 -3" />
  <Char code="ә" width="15" rect="472 414 19 46" offset="-2 -3" />
  <Char code="Ө" width="25" rect="0 460 29 46" offset="-2 -3" />
  <Char code="ө" width="17" rect="29 460 21 46" offset="-2 -3" />
</Font>