﻿<?xml version="1.0" encoding="utf-8"?>
<Font family="Binner_Di" style="Regular" size="45" height="63">
  <Char code=" " width="22" rect="0 0 0 0" offset="0 0" />
  <Char code="!" width="13" rect="0 1 20 71" offset="-2 -3" />
  <Char code="&quot;" width="31" rect="21 1 32 71" offset="1 -3" />
  <Char code="#" width="56" rect="54 1 57 71" offset="1 -3" />
  <Char code="$" width="23" rect="112 1 30 71" offset="-2 -3" />
  <Char code="%" width="73" rect="143 1 72 71" offset="2 -3" />
  <Char code="&amp;" width="30" rect="216 1 37 71" offset="-2 -3" />
  <Char code="'" width="17" rect="254 1 18 71" offset="1 -3" />
  <Char code="(" width="20" rect="273 1 27 71" offset="-2 -3" />
  <Char code=")" width="20" rect="301 1 27 71" offset="-3 -3" />
  <Char code="*" width="19" rect="329 1 25 71" offset="-2 -3" />
  <Char code="+" width="19" rect="355 1 28 71" offset="-3 -3" />
  <Char code="," width="12" rect="384 1 16 71" offset="-1 -3" />
  <Char code="-" width="19" rect="401 1 23 71" offset="-1 -3" />
  <Char code="." width="12" rect="425 1 15 71" offset="-1 -3" />
  <Char code="/" width="33" rect="441 1 43 71" offset="-3 -3" />
  <Char code="0" width="37" rect="485 1 44 71" offset="-2 -3" />
  <Char code="1" width="20" rect="530 1 25 71" offset="-2 -3" />
  <Char code="2" width="30" rect="556 1 37 71" offset="-3 -3" />
  <Char code="3" width="32" rect="594 1 39 71" offset="-2 -3" />
  <Char code="4" width="34" rect="634 1 40 71" offset="-2 -3" />
  <Char code="5" width="33" rect="675 1 40 71" offset="-2 -3" />
  <Char code="6" width="33" rect="716 1 40 71" offset="-2 -3" />
  <Char code="7" width="28" rect="757 1 35 71" offset="-2 -3" />
  <Char code="8" width="34" rect="793 1 41 71" offset="-2 -3" />
  <Char code="9" width="33" rect="835 1 41 71" offset="-3 -3" />
  <Char code=":" width="12" rect="877 1 16 71" offset="-1 -3" />
  <Char code=";" width="12" rect="894 1 16 71" offset="-1 -3" />
  <Char code="&lt;" width="15" rect="911 1 18 71" offset="0 -3" />
  <Char code="=" width="19" rect="930 1 23 71" offset="-1 -3" />
  <Char code="&gt;" width="15" rect="954 1 18 71" offset="0 -3" />
  <Char code="?" width="27" rect="973 1 33 71" offset="-2 -3" />
  <Char code="@" width="64" rect="0 73 65 71" offset="0 -3" />
  <Char code="A" width="39" rect="66 73 47 71" offset="-3 -3" />
  <Char code="B" width="37" rect="114 73 42 71" offset="-1 -3" />
  <Char code="C" width="36" rect="157 73 43 71" offset="-2 -3" />
  <Char code="D" width="38" rect="201 73 43 71" offset="-1 -3" />
  <Char code="E" width="31" rect="245 73 37 71" offset="-1 -3" />
  <Char code="F" width="31" rect="283 73 37 71" offset="-2 -3" />
  <Char code="G" width="37" rect="321 73 41 71" offset="-1 -3" />
  <Char code="H" width="43" rect="363 73 46 71" offset="-1 -3" />
  <Char code="I" width="18" rect="410 73 21 71" offset="-1 -3" />
  <Char code="J" width="32" rect="432 73 37 71" offset="-2 -3" />
  <Char code="K" width="37" rect="470 73 42 71" offset="-1 -3" />
  <Char code="L" width="31" rect="513 73 37 71" offset="-1 -3" />
  <Char code="M" width="43" rect="551 73 46 71" offset="-1 -3" />
  <Char code="N" width="38" rect="598 73 41 71" offset="-1 -3" />
  <Char code="O" width="37" rect="640 73 44 71" offset="-2 -3" />
  <Char code="P" width="38" rect="685 73 43 71" offset="-1 -3" />
  <Char code="Q" width="39" rect="729 73 46 71" offset="-3 -3" />
  <Char code="R" width="38" rect="776 73 43 71" offset="-1 -3" />
  <Char code="S" width="34" rect="820 73 41 71" offset="-2 -3" />
  <Char code="T" width="34" rect="862 73 41 71" offset="-3 -3" />
  <Char code="U" width="39" rect="904 73 42 71" offset="-1 -3" />
  <Char code="V" width="36" rect="947 73 43 71" offset="-3 -3" />
  <Char code="W" width="46" rect="0 145 53 71" offset="-3 -3" />
  <Char code="X" width="36" rect="54 145 43 71" offset="-2 -3" />
  <Char code="Y" width="37" rect="98 145 45 71" offset="-3 -3" />
  <Char code="Z" width="29" rect="144 145 36 71" offset="-3 -3" />
  <Char code="[" width="26" rect="181 145 28 71" offset="0 -3" />
  <Char code="\" width="33" rect="210 145 43 71" offset="-3 -3" />
  <Char code="]" width="26" rect="254 145 28 71" offset="1 -3" />
  <Char code="^" width="28" rect="283 145 28 71" offset="1 -3" />
  <Char code="_" width="19" rect="312 145 23 71" offset="-1 -3" />
  <Char code="`" width="12" rect="336 145 16 71" offset="-1 -3" />
  <Char code="a" width="31" rect="353 145 39 71" offset="-3 -3" />
  <Char code="b" width="30" rect="393 145 35 71" offset="-1 -3" />
  <Char code="c" width="29" rect="429 145 36 71" offset="-2 -3" />
  <Char code="d" width="31" rect="466 145 36 71" offset="-1 -3" />
  <Char code="e" width="25" rect="503 145 31 71" offset="-1 -3" />
  <Char code="f" width="25" rect="535 145 31 71" offset="-2 -3" />
  <Char code="g" width="30" rect="567 145 35 71" offset="-2 -3" />
  <Char code="h" width="34" rect="603 145 39 71" offset="-1 -3" />
  <Char code="i" width="15" rect="643 145 19 71" offset="-1 -3" />
  <Char code="j" width="26" rect="663 145 31 71" offset="-2 -3" />
  <Char code="k" width="29" rect="695 145 35 71" offset="-1 -3" />
  <Char code="l" width="25" rect="731 145 31 71" offset="-1 -3" />
  <Char code="m" width="34" rect="763 145 39 71" offset="-2 -3" />
  <Char code="n" width="30" rect="803 145 34 71" offset="-1 -3" />
  <Char code="o" width="30" rect="838 145 37 71" offset="-3 -3" />
  <Char code="p" width="30" rect="876 145 36 71" offset="-1 -3" />
  <Char code="q" width="31" rect="913 145 39 71" offset="-3 -3" />
  <Char code="r" width="30" rect="953 145 36 71" offset="-1 -3" />
  <Char code="s" width="27" rect="0 217 34 71" offset="-3 -3" />
  <Char code="t" width="27" rect="35 217 35 71" offset="-3 -3" />
  <Char code="u" width="31" rect="71 217 34 71" offset="-1 -3" />
  <Char code="v" width="29" rect="106 217 36 71" offset="-3 -3" />
  <Char code="w" width="36" rect="143 217 44 71" offset="-3 -3" />
  <Char code="x" width="29" rect="188 217 36 71" offset="-2 -3" />
  <Char code="y" width="30" rect="225 217 37 71" offset="-3 -3" />
  <Char code="z" width="23" rect="263 217 31 71" offset="-3 -3" />
  <Char code="{" width="26" rect="295 217 24 71" offset="2 -3" />
  <Char code="|" width="17" rect="320 217 16 71" offset="1 -3" />
  <Char code="}" width="26" rect="337 217 24 71" offset="3 -3" />
  <Char code="~" width="34" rect="362 217 36 71" offset="0 -3" />
  <Char code="Ё" width="31" rect="399 217 37 71" offset="-1 -3" />
  <Char code="Ђ" width="52" rect="0 0 0 0" offset="0 0" />
  <Char code="А" width="39" rect="437 217 47 71" offset="-3 -3" />
  <Char code="Б" width="38" rect="485 217 43 71" offset="-1 -3" />
  <Char code="В" width="37" rect="529 217 42 71" offset="-1 -3" />
  <Char code="Г" width="31" rect="572 217 37 71" offset="-1 -3" />
  <Char code="Д" width="41" rect="610 217 48 71" offset="-2 -3" />
  <Char code="Е" width="31" rect="659 217 37 71" offset="-1 -3" />
  <Char code="Ж" width="55" rect="697 217 62 71" offset="-2 -3" />
  <Char code="З" width="35" rect="760 217 42 71" offset="-2 -3" />
  <Char code="И" width="43" rect="803 217 46 71" offset="-1 -3" />
  <Char code="Й" width="43" rect="850 217 46 71" offset="-1 -3" />
  <Char code="К" width="37" rect="897 217 42 71" offset="-1 -3" />
  <Char code="Л" width="42" rect="940 217 47 71" offset="-2 -3" />
  <Char code="М" width="43" rect="0 289 46 71" offset="-1 -3" />
  <Char code="Н" width="43" rect="47 289 46 71" offset="-1 -3" />
  <Char code="О" width="37" rect="94 289 44 71" offset="-2 -3" />
  <Char code="П" width="43" rect="139 289 46 71" offset="-1 -3" />
  <Char code="Р" width="38" rect="186 289 43 71" offset="-1 -3" />
  <Char code="С" width="36" rect="230 289 43 71" offset="-2 -3" />
  <Char code="Т" width="34" rect="274 289 41 71" offset="-2 -3" />
  <Char code="У" width="34" rect="316 289 42 71" offset="-3 -3" />
  <Char code="Ф" width="57" rect="359 289 64 71" offset="-2 -3" />
  <Char code="Х" width="36" rect="424 289 43 71" offset="-2 -3" />
  <Char code="Ц" width="45" rect="468 289 50 71" offset="-1 -3" />
  <Char code="Ч" width="36" rect="519 289 41 71" offset="-2 -3" />
  <Char code="Ш" width="57" rect="561 289 60 71" offset="-1 -3" />
  <Char code="Щ" width="59" rect="622 289 65 71" offset="-1 -3" />
  <Char code="Ъ" width="42" rect="688 289 50 71" offset="-3 -3" />
  <Char code="Ы" width="56" rect="739 289 59 71" offset="-1 -3" />
  <Char code="Ь" width="38" rect="799 289 43 71" offset="-1 -3" />
  <Char code="Э" width="36" rect="843 289 43 71" offset="-2 -3" />
  <Char code="Ю" width="54" rect="887 289 59 71" offset="-1 -3" />
  <Char code="Я" width="38" rect="947 289 43 71" offset="-2 -3" />
  <Char code="а" width="31" rect="0 361 39 71" offset="-3 -3" />
  <Char code="б" width="30" rect="40 361 36 71" offset="-1 -3" />
  <Char code="в" width="30" rect="77 361 35 71" offset="-1 -3" />
  <Char code="г" width="24" rect="113 361 31 71" offset="-1 -3" />
  <Char code="д" width="33" rect="145 361 40 71" offset="-2 -3" />
  <Char code="е" width="25" rect="186 361 31 71" offset="-1 -3" />
  <Char code="ж" width="44" rect="218 361 51 71" offset="-3 -3" />
  <Char code="з" width="28" rect="270 361 35 71" offset="-3 -3" />
  <Char code="и" width="34" rect="306 361 39 71" offset="-1 -3" />
  <Char code="й" width="34" rect="346 361 39 71" offset="-1 -3" />
  <Char code="к" width="29" rect="386 361 35 71" offset="-1 -3" />
  <Char code="л" width="34" rect="422 361 39 71" offset="-2 -3" />
  <Char code="м" width="34" rect="462 361 39 71" offset="-1 -3" />
  <Char code="н" width="34" rect="502 361 39 71" offset="-1 -3" />
  <Char code="о" width="30" rect="542 361 37 71" offset="-3 -3" />
  <Char code="п" width="34" rect="580 361 39 71" offset="-1 -3" />
  <Char code="р" width="30" rect="620 361 36 71" offset="-1 -3" />
  <Char code="с" width="29" rect="657 361 36 71" offset="-2 -3" />
  <Char code="т" width="27" rect="694 361 35 71" offset="-3 -3" />
  <Char code="у" width="27" rect="730 361 36 71" offset="-3 -3" />
  <Char code="ф" width="46" rect="767 361 53 71" offset="-2 -3" />
  <Char code="х" width="29" rect="821 361 36 71" offset="-2 -3" />
  <Char code="ц" width="36" rect="858 361 42 71" offset="-1 -3" />
  <Char code="ч" width="29" rect="901 361 35 71" offset="-2 -3" />
  <Char code="ш" width="46" rect="937 361 51 71" offset="-1 -3" />
  <Char code="щ" width="48" rect="0 433 53 71" offset="-1 -3" />
  <Char code="ъ" width="34" rect="54 433 42 71" offset="-3 -3" />
  <Char code="ы" width="45" rect="97 433 49 71" offset="-1 -3" />
  <Char code="ь" width="30" rect="147 433 36 71" offset="-1 -3" />
  <Char code="э" width="28" rect="184 433 36 71" offset="-3 -3" />
  <Char code="ю" width="43" rect="221 433 49 71" offset="-1 -3" />
  <Char code="я" width="30" rect="271 433 36 71" offset="-2 -3" />
  <Char code="ё" width="25" rect="308 433 31 71" offset="-1 -3" />
</Font>